proposed,VP/VP/VP/VBN/Y,1,0,0,1,0,0,0, S295.6 S815.2,,
proposed,S/VP/VP/VBN/Y,0,0,0,1,0,0,0, S528.3,,
hypothesized,VP/VP/VP/VBN/Y,0,0,0,1,0,0,0, S795.8,,
hypothesized,S/VP/VP/VBN/Y,2,0,0,0,0,0,0, S623.6 S705.5,,
hypothesized,ROOT/S/VP/VBD/N,2,0,0,0,0,0,0, S559.5 S355.3,,
supported,S/VP/VP/VBN/Y,0,0,1,0,0,0,0, S76.2,,
implying,VP/S/VP/VBG/N,2,0,0,0,0,0,0, S184.6 S974.8,,
implying,S/S/VP/VBG/N,1,0,0,0,0,0,0, S404.8,,
predicts,SBAR/S/VP/VBZ/N,1,0,0,0,0,0,0, S251.6,,
seemed,S/VP/VP/VBD/N,0,0,0,0,1,0,0, S960.7,, S960.7
seemed,S/S/VP/VBD/Y,0,1,0,0,0,0,0, S698.3,,
seemed,ROOT/S/VP/VBD/N,0,1,0,0,0,0,0, S968.4,,
suggests_or,ROOT/S/VP/VBZ/N,1,0,0,0,0,0,0, S415.3,,
either_or_or,NP/PP/NP/CC/N,0,0,0,0,1,0,0, S143.6,, S143.6
consistent_with,S/VP/ADJP/JJ/N,1,0,0,0,0,0,0, S277.6,,
hypothesize,ROOT/S/VP/VBP/N,2,0,0,0,0,0,0, S825.9 S964.7,,
seems,S/VP/VP/VBZ/Y,1,0,0,0,0,0,0, S303.3,,
seems,S/S/VP/VBZ/Y,0,1,0,0,0,0,0, S759.4,,
seems,ROOT/S/VP/VBZ/N,2,8,0,0,0,0,0, S586.11 S54.6 S124.5 S78.7 S836.4,,
seems,SBAR/S/VP/VBZ/N,0,1,1,0,0,0,0, S154.4 S677.3,,
seems,ROOT/S/VP/VBZ/Y,0,3,0,0,0,0,0, S282.5 S461.6 S471.4,,
seems,S/S/VP/VBZ/N,2,1,0,0,0,0,0, S152.8 S659.4 S661.6,,
should,SBAR/S/VP/MD/Y,1,1,0,0,2,0,0, S576.6 S894.5 S355.3 S973.10,, S894.5 S355.3
should,ROOT/S/VP/MD/Y,1,0,0,0,1,0,0, S653.9 S6.9,, S6.9
should,ROOT/S/VP/MD/N,4,0,0,0,0,0,0, S751.6 S202.6 S228.7 S966.9,,
should,SBAR/S/VP/MD/N,4,0,0,0,0,0,0, S605.11 S605.11 S198.5 S916.14,,
feel,ROOT/S/VP/VBP/N,1,0,0,0,0,0,0, S202.15,,
raises_the_intriguing_possibility,ROOT/S/VP/VBZ/N,1,0,0,0,0,0,0, S949.13,,
postulated,VP/VP/VP/VBN/Y,1,0,0,0,0,0,0, S324.8,,
postulated,ROOT/S/VP/VBD/N,1,0,0,0,0,0,0, S18.9,,
presumed,S/VP/VP/VBN/Y,0,0,0,1,0,0,0, S697.3,,
might,S/VP/VP/MD/N,2,0,0,0,0,0,0, S88.6 S35.9,,
might,S/S/VP/MD/N,1,0,0,0,0,0,0, S141.3,,
might,SBAR/S/VP/MD/Y,4,4,1,0,0,0,0, S598.12 S7.5 S18.9 S824.8 S329.5,,
might,ROOT/S/VP/MD/Y,1,2,0,0,0,0,0, S21.8 S223.3 S939.10,,
might,S/S/VP/MD/Y,0,1,0,0,0,0,0, S59.11,,
might,S/VP/VP/MD/Y,2,0,0,0,0,0,0, S501.3 S440.3,,
might,ROOT/S/VP/MD/N,12,0,0,0,1,0,0, S636.10 S94.20 S122.18 S652.11 S18.10,, S18.10
might,SBAR/S/VP/MD/N,20,0,0,0,0,0,0, S515.9 S569.6 S604.2 S622.6 S61.6,,
indicating,VP/S/VP/VBG/N,7,0,0,0,0,0,0, S510.6 S518.9 S102.8 S58.4 S276.7,,
indicating,VP/NP/VP/VBG/N,1,0,0,0,0,0,0, S191.2,,
indicating,PP/NP/VP/VBG/Y,1,0,0,0,0,0,0, S663.8,,
indicating,VP/S/VP/VBG/Y,1,0,0,0,0,0,0, S521.6,,
indicating,PP/NP/VP/VBG/N,1,0,0,0,0,0,0, S564.4,,
advance_the_hypothesis,S/VP/VP/VB/N,1,0,0,0,0,0,0, S623.5,,
putative,S/S/NP/JJ/Y,1,0,0,0,0,0,0, S134.4,,
putative,NP/PP/NP/JJ/N,2,0,0,0,2,0,0, S72.3 S5.6 S898.3 S490.2,, S898.3 S490.2
putative,VP/VP/NP/JJ/N,0,0,0,0,3,0,0, S513.10 S643.3 S205.3,, S513.10 S643.3 S205.3
putative,VP/PP/NP/JJ/N,2,0,0,0,0,0,0, S85.6 S365.10,,
putative,ROOT/S/NP/JJ/N,0,0,0,0,1,0,0, S199.1,, S199.1
putative,S/NP/NP/JJ/N,1,1,0,0,2,0,0, S54.4 S72.1 S753.2 S466.11,, S72.1 S466.11
putative,NP/VP/NP/JJ/N,1,0,0,0,0,0,0, S228.5,,
putative,NP/PRN/NP/JJ/N,1,0,0,0,0,0,0, S199.2,,
putative,S/VP/NP/JJ/N,1,0,0,0,0,0,0, S44.4,,
putative,NP/NP/NP/JJ/N,0,0,0,0,3,0,0, S199.9 S427.9 S441.3,, S199.9 S427.9 S441.3
putative,PP/NP/NP/JJ/N,5,1,0,0,2,0,0, S647.7 S134.2 S256.8 S316.5 S218.1,, S134.2 S245.11
putative,VP/NP/NP/JJ/N,2,0,0,0,2,0,0, S38.7 S731.2 S218.3 S965.6,, S38.7 S965.6
putative,FRAG/NP/NP/JJ/N,0,0,0,0,1,0,0, S954.4,, S954.4
propose,S/S/VP/VBP/N,2,0,0,0,1,0,0, S141.8 S851.8 S276.9,, S851.8
propose,ROOT/S/VP/VBP/N,22,0,0,0,0,0,0, S554.7 S596.6 S129.8 S661.10 S712.10,,
possible,S/VP/ADJP/JJ/Y,0,0,0,0,1,0,0, S752.5,, S752.5
possible,VP/VP/NP/JJ/N,1,0,0,0,0,0,0, S330.4,,
possible,NP/PP/NP/JJ/N,0,0,0,0,1,0,0, S401.6,, S401.6
possible,NP/NP/ADJP/JJ/N,0,1,0,0,0,0,0, S1010.9,,
possible,S/NP/NP/JJ/N,1,1,0,0,0,0,0, S156.4 S976.2,,
possible,S/VP/ADJP/JJ/N,3,0,1,0,2,0,0, S593.5 S102.11 S786.8 S822.12 S400.7,, S822.12 S410.17
possible,NP/VP/NP/JJ/N,0,0,0,0,1,0,0, S315.12,, S315.12
possible,S/VP/NP/JJ/N,1,0,0,0,0,0,0, S281.7,,
possible,VP/PP/NP/JJ/Y,0,0,0,0,1,0,0, S500.14,, S500.14
possible,NP/NP/NP/JJ/N,2,1,1,0,3,0,0, S565.8 S118.1 S145.1 S145.2 S773.8,, S145.1 S145.2 S323.5
possible,VP/VP/ADJP/JJ/N,3,0,0,0,0,0,0, S605.8 S202.6 S202.9,,
possible,PP/NP/NP/JJ/N,2,0,0,0,2,0,0, S165.7 S277.6 S257.9 S995.8,, S277.6 S257.9
possible,VP/NP/NP/JJ/N,0,4,0,0,2,0,0, S549.2 S584.5 S8.10 S319.7 S394.3,, S8.10 S319.7
possibly,S/VP/ADVP/RB/N,0,0,0,0,1,0,0, S528.10,, S528.10
possibly,NP/PP/ADVP/RB/N,0,0,0,0,2,0,0, S661.10 S784.5,, S661.10 S784.5
possibly,VP/ADJP/ADJP/RB/N,1,0,0,0,0,0,0, S684.4,,
possibly,VP/VP/NP/RB/N,0,0,0,0,1,0,0, S733.7,, S733.7
possibly,VP/VP/ADVP/RB/Y,0,0,0,0,1,0,0, S369.8,, S369.8
possibly,VP/PP/ADVP/RB/N,0,0,0,0,1,0,0, S73.6,, S73.6
possibly,VP/UCP/ADJP/RB/N,0,1,0,0,0,0,0, S494.11,,
possibly,PP/NP/NP/RB/N,1,0,0,0,1,0,0, S556.5 S296.7,, S556.5
possibly,PP/NP/ADVP/RB/N,0,0,0,0,1,0,0, S518.10,, S518.10
possibly,NP/PRN/ADVP/RB/N,0,0,0,0,1,0,0, S656.5,, S656.5
possibly,PP/NP/ADJP/RB/N,0,0,1,0,0,0,0, S755.11,,
possibly,NP/NP/NP/RB/N,1,0,0,0,0,0,0, S194.3,,
possibly,VP/VP/ADVP/RB/N,0,1,0,0,1,0,0, S299.6 S403.8,, S403.8
possibly,S/VP/PP/RB/N,0,0,0,0,1,0,0, S201.7,, S201.7
possibly,VP/NP/ADVP/RB/N,0,0,0,1,0,0,0, S713.9,,
possibly,NP/UCP/ADVP/RB/N,0,0,0,0,1,0,0, S791.6,, S791.6
not_clear,ROOT/S/VP/RB/N,0,2,0,0,1,0,0, S526.3 S605.4 S902.2,, S605.4
not_clear,S/S/VP/RB/N,0,0,0,0,2,0,0, S152.8 S250.4,, S152.8 S250.4
not_clear,SBAR/S/VP/RB/N,0,1,0,0,1,0,0, S732.4 S923.3,, S732.4
speculate,S/S/VP/VBP/N,2,0,0,0,0,0,0, S598.12 S730.6,,
speculate,S/VP/VP/VB/Y,0,0,0,0,1,0,0, S735.10,, S735.10
speculate,ROOT/S/VP/VBP/N,1,0,0,0,0,0,0, S677.12,,
speculate,ROOT/S/VP/VBP/Y,1,0,0,0,0,0,0, S572.9,,
issue_is_raised,ROOT/S/NP/NN/Y,0,0,0,0,1,0,0, S4.5,, S4.5
not_possible_to_ascertain,ROOT/S/VP/RB/N,0,0,0,0,1,0,0, S704.3,, S704.3
evaluated_for,S/VP/VP/VBN/Y,0,0,0,0,1,0,0, S47.2,, S47.2
investigate,S/VP/VP/VB/Y,1,0,0,0,0,0,0, S164.2,,
indication,S/VP/NP/NN/N,0,0,0,0,1,0,0, S1008.9,, S1008.9
predicted,S/VP/VP/VBN/Y,0,0,2,1,0,0,0, S42.5 S16.5 S38.5,,
speculation,NP/NP/NP/NN/N,0,0,0,0,1,0,0, S655.8,, S655.8
indicate_that,S/S/VP/VBP/N,1,0,0,0,8,0,0, S579.7 S639.9 S721.7 S753.9 S789.11,, S579.7 S721.7 S753.9 S789.11 S849.12 S448.10 S496.2 S498.7
indicate_that,ROOT/S/VP/VBP/N,98,0,0,0,4,0,0, S512.10 S535.9 S539.8 S546.6 S558.10,, S315.12 S275.6 S487.11 S985.8
indicate_that,ROOT/S/VP/VBP/Y,3,0,0,0,1,0,0, S41.12 S756.8 S401.8 S427.8,, S427.8
indicate_that,S/VP/VP/VBP/N,3,1,0,0,0,0,0, S119.11 S102.11 S883.6 S362.7,,
indicate_that,S/VP/VP/VB/N,1,0,0,0,0,0,0, S987.8,,
may_or,SBAR/S/VP/MD/N,0,0,0,0,1,0,0, S548.8,, S548.8
idea,S/VP/NP/NN/N,0,0,0,0,1,0,0, S866.7,, S866.7
potent,VP/NP/NP/JJ/N,1,0,0,0,0,0,0, S231.9,,
plausible,S/VP/ADJP/JJ/N,0,0,0,0,1,0,0, S805.4,, S805.4
likely,S/VP/ADVP/RB/N,0,0,0,0,1,0,0, S149.7,, S149.7
likely,VP/VP/ADVP/RB/Y,0,1,0,0,0,0,0, S788.4,,
likely,VP/ADJP/ADJP/JJ/N,0,0,0,0,1,0,0, S282.8,, S282.8
likely,VP/PP/ADVP/RB/N,0,0,0,0,1,0,0, S713.8,, S713.8
likely,S/VP/ADJP/JJ/N,1,1,9,2,5,0,0, S520.6 S542.10 S89.8 S209.11 S42.11,, S661.6 S915.11 S922.6 S949.4 S461.5
likely,SBAR/S/ADVP/RB/N,0,0,0,0,2,0,0, S644.8 S263.8,, S644.8 S263.8
likely,S/VP/ADJP/RB/N,1,0,0,0,0,0,0, S36.8,,
likely,NP/VP/ADVP/RB/N,0,0,0,0,1,0,0, S122.16,, S122.16
likely,VP/NP/NP/JJ/N,1,0,0,0,0,0,0, S825.5,,
likely,PP/NP/ADJP/RB/N,0,0,0,0,1,0,0, S68.5,, S68.5
likely,ADVP/PRN/ADVP/RB/N,0,0,0,0,1,0,0, S964.6,, S964.6
likely,S/VP/ADVP/RB/Y,0,0,0,0,1,0,0, S447.9,, S447.9
likely,VP/S/ADJP/JJ/N,1,0,0,0,0,0,0, S895.5,,
likely,ROOT/S/ADVP/RB/N,0,0,0,0,5,0,0, S667.8 S871.14 S298.2 S310.5 S459.6,, S667.8 S871.14 S298.2 S310.5 S459.6
likely,VP/VP/ADJP/JJ/N,0,3,0,0,0,0,0, S530.11 S24.9 S1000.9,,
likely,S/VP/ADJP/JJ/Y,0,0,2,1,2,0,0, S44.6 S801.5 S828.2 S379.8 S467.7,, S379.8 S467.7
likely,NP/NP/ADJP/JJ/N,0,2,0,0,4,0,0, S92.8 S93.7 S699.9 S710.8 S251.9,, S92.8 S93.7 S710.8 S875.6
expect,S/VP/VP/VB/N,1,0,0,0,0,0,0, S141.3,,
appear,ROOT/S/VP/VBP/Y,0,1,0,0,0,0,0, S1010.10,,
appear,SBAR/S/VP/VBP/N,1,1,2,0,1,0,0, S592.6 S777.10 S871.13 S286.8 S194.9,, S871.13
appear,VP/VP/VP/VB/N,0,0,0,1,0,0,0, S484.4,,
appear,S/VP/VP/VBP/N,1,0,0,0,0,0,0, S227.8,,
appear,S/S/VP/VBP/N,0,1,0,0,0,0,0, S757.12,,
appear,S/VP/VP/VB/Y,0,0,2,0,0,0,0, S836.7 S939.8,,
appear,ROOT/S/VP/VBP/N,1,8,0,0,1,0,0, S110.7 S204.17 S654.8 S45.8 S262.14,, S110.7
appear,S/VP/VP/VB/N,1,0,5,0,1,0,0, S570.5 S703.9 S743.13 S928.3 S412.9,, S703.9
appear,SBAR/S/VP/VBP/Y,0,1,1,0,0,0,0, S619.8 S655.7,,
suggesting,PP/NP/VP/VBG/N,3,0,0,0,1,0,0, S569.4 S176.4 S773.5 S315.12,, S773.5
suggesting,ADJP/S/VP/VBG/N,0,0,0,0,1,0,0, S43.8,, S43.8
suggesting,PP/S/VP/VBG/N,1,0,0,0,0,0,0, S838.10,,
suggesting,VP/S/VP/VBG/Y,13,0,0,0,0,0,0, S511.7 S613.5 S86.7 S1.6 S722.4,,
suggesting,VP/NP/VP/VBG/N,3,0,0,0,0,0,0, S197.5 S72.8 S257.5,,
suggesting,VP/S/VP/VBG/N,85,0,0,0,0,0,0, S531.9 S544.4 S550.6 S556.7 S560.6,,
suggesting,PP/S/VP/VBG/Y,1,0,0,0,0,0,0, S446.6,,
suggesting,VP/VP/VP/VBG/N,1,0,0,0,0,0,0, S709.5,,
suggesting,S/VP/VP/VBG/N,2,0,0,0,0,0,0, S13.5 S785.7,,
probably,S/VP/ADVP/RB/N,0,0,0,0,2,0,0, S556.6 S571.11,, S556.6 S571.11
probably,VP/VP/ADVP/RB/Y,0,0,0,0,1,0,0, S152.10,, S152.10
probably,VP/PP/ADVP/RB/N,0,2,0,0,0,0,0, S766.9 S956.12,,
probably,SBAR/S/ADVP/RB/N,0,0,0,0,4,0,0, S126.7 S679.9 S368.3 S974.7,, S126.7 S679.9 S368.3 S974.7
probably,ROOT/S/ADVP/RB/N,0,0,0,0,1,0,0, S481.4,, S481.4
probably,S/VP/ADVP/RB/Y,0,0,1,1,2,0,0, S572.7 S10.3 S2.11 S981.11,, S10.3 S2.11
viable,VP/VP/ADJP/JJ/Y,1,0,0,0,0,0,0, S182.5,,
supposed,S/VP/VP/VBN/Y,1,0,0,0,0,0,0, S338.4,,
possibility,S/VP/NP/NN/N,0,0,0,0,2,0,0, S687.4 S339.9,, S687.4 S339.9
possibility,VP/NP/NP/NN/N,0,0,0,0,2,0,0, S15.11 S939.12,, S15.11 S939.12
possibility,S/NP/NP/NN/N,0,0,0,0,1,0,0, S934.10,, S934.10
possibility,VP/VP/NP/NN/N,0,0,0,0,1,0,0, S15.2,, S15.2
whether_or_not,S/VP/SBAR/IN/N,2,0,0,0,0,0,0, S859.4 S369.5,,
whether_or_not,NP/PP/SBAR/IN/N,1,0,0,0,0,0,0, S894.2,,
hypothesis,S/NP/NP/NN/N,0,0,0,0,1,0,0, S988.4,, S988.4
hypothesis,ROOT/S/NP/NN/N,0,0,0,0,1,0,0, S797.4,, S797.4
hypothesis,ADJP/PP/NP/NN/N,0,0,0,0,1,0,0, S830.12,, S830.12
hypothesis,S/VP/NP/NN/N,0,0,0,0,4,0,0, S512.9 S547.11 S587.3 S826.9,, S512.9 S547.11 S587.3 S826.9
hypothesis,VP/PP/NP/NN/N,0,0,0,0,1,0,0, S959.8,, S959.8
hypothesis,VP/VP/NP/NN/N,0,0,0,0,3,0,0, S177.2 S35.5 S719.3,, S177.2 S35.5 S719.3
if_not,ADVP/PRN/SBAR/IN/N,1,0,0,0,0,0,0, S753.9,,
if_not,NP/PRN/SBAR/IN/N,1,0,0,0,0,0,0, S107.10,,
raises_questions,ROOT/S/VP/VBZ/N,1,0,0,0,0,0,0, S31.8,,
estimate,ROOT/S/VP/VBP/N,1,0,0,0,0,0,0, S183.11,,
appears,S/VP/VP/VBZ/Y,2,0,0,0,0,0,0, S780.3 S829.4,,
appears,ROOT/S/VP/VBZ/N,8,23,0,0,6,0,0, S520.4 S616.9 S632.9 S89.6 S157.8,, S520.4 S676.10 S707.7 S426.7 S433.6 S962.4
appears,SBAR/S/VP/VBZ/N,0,2,3,0,0,0,0, S605.5 S339.8 S875.8 S949.3 S441.7,,
appears,S/VP/VP/VBZ/N,2,0,0,0,3,0,0, S117.7 S779.9 S223.9 S441.6 S468.10,, S117.7 S223.9 S468.10
appears,FRAG/S/VP/VBZ/Y,0,1,0,0,0,0,0, S332.10,,
appears,SBAR/S/VP/VBZ/Y,0,2,3,0,1,0,0, S519.4 S570.4 S152.3 S160.10 S923.5,, S152.3
appears,ROOT/S/VP/VBZ/Y,0,7,0,0,2,0,0, S49.6 S664.8 S669.7 S674.3 S743.9,, S743.9 S455.5
appears,S/S/VP/VBZ/N,0,4,0,0,3,0,0, S583.10 S642.10 S152.13 S198.3 S682.4,, S583.10 S642.10 S837.12
suggested,SBAR/S/VP/VBD/N,3,0,0,0,0,0,0, S297.4 S407.3 S493.6,,
suggested,S/S/VP/VBD/N,5,0,0,0,0,0,0, S539.7 S574.5 S10.9 S58.7 S982.7,,
suggested,S/VP/VP/VBN/Y,2,0,5,0,3,0,0, S557.10 S164.5 S193.7 S46.9 S66.3,, S164.5 S66.3 S704.2
suggested,VP/VP/VP/VBN/Y,1,0,0,8,1,0,0, S545.4 S646.5 S19.8 S758.7 S330.3,, S19.8
suggested,SBAR/S/VP/VBN/Y,0,0,1,0,0,0,0, S478.12,,
suggested,ROOT/S/VP/VBD/Y,1,0,0,0,0,0,0, S697.9,,
suggested,S/VP/VP/VBN/N,7,0,0,0,0,0,0, S599.6 S55.3 S321.2 S324.4 S307.2,,
suggested,ROOT/S/VP/VBD/N,21,0,0,0,0,0,0, S505.6 S519.7 S527.4 S61.6 S31.7,,
could,S/VP/VP/MD/N,2,0,0,0,1,0,0, S559.14 S116.7 S403.8,, S559.14
could,S/S/VP/MD/N,1,0,0,0,0,0,0, S672.4,,
could,SBAR/S/VP/MD/Y,0,3,1,0,0,0,0, S515.8 S66.6 S276.3 S962.4,,
could,ROOT/S/VP/MD/Y,0,8,0,0,3,0,0, S138.11 S74.9 S75.9 S24.6 S203.6,, S138.11 S307.11 S241.3
could,S/S/VP/MD/Y,1,0,1,0,0,0,0, S141.8 S202.11,,
could,S/VP/VP/MD/Y,2,0,0,0,0,0,0, S720.6 S797.7,,
could,ROOT/S/VP/MD/N,11,0,0,0,1,0,0, S177.8 S123.8 S98.7 S2.9 S5.8,, S214.6
could,SBAR/S/VP/MD/N,14,0,1,0,1,0,0, S548.8 S166.4 S166.9 S197.2 S209.4,, S548.8
suggests,S/VP/VP/VBZ/N,4,1,0,0,0,0,0, S187.6 S49.8 S723.9 S223.9 S895.8,,
suggests,SBAR/S/VP/VBZ/Y,2,0,0,0,0,0,0, S189.6 S112.5,,
suggests,ROOT/S/VP/VBZ/Y,1,0,0,0,0,0,0, S605.7,,
suggests,ROOT/S/VP/VBZ/N,42,0,0,0,0,0,0, S510.7 S521.12 S562.9 S602.4 S610.9,,
suggests,SBAR/S/VP/VBZ/N,3,0,0,0,0,0,0, S641.11 S105.9 S278.6,,
preferentially,VP/VP/ADVP/RB/N,0,1,0,0,0,0,0, S117.7,,
obscure,VP/VP/ADJP/JJ/Y,0,0,0,0,1,0,0, S758.7,, S758.7
suggestion,VP/PP/NP/NN/Y,0,0,0,0,1,0,0, S827.8,, S827.8
unknown,S/VP/ADJP/JJ/N,0,0,13,0,1,0,0, S588.3 S604.2 S609.4 S633.3 S639.9,, S819.6
or,NP/PP/NP/CC/Y,0,0,0,0,1,0,0, S444.3,, S444.3
or,S/VP/ADJP/CC/N,1,0,0,0,1,0,0, S42.7 S217.6,, S217.6
or,SBAR/S/NP/CC/N,1,0,0,0,0,0,0, S930.4,,
or,SBAR/S/ADJP/CC/N,1,0,0,0,0,0,0, S447.6,,
or,NP/VP/ADVP/CC/N,2,0,0,0,0,0,0, S64.7 S45.8,,
or,S/NP/ADJP/CC/N,1,0,0,0,0,0,0, S444.7,,
or,NP/PP/NP/CC/N,4,0,0,0,8,0,0, S522.3 S583.9 S644.5 S96.9 S129.8,, S583.9 S644.5 S96.9 S129.8 S18.9 S9.4 S274.14 S963.3
or,PP/NP/SBAR/CC/N,0,0,0,0,1,0,0, S152.16,, S152.16
or,NP/NP/QP/CC/N,3,1,0,0,1,0,0, S518.10 S54.6 S335.13 S307.9 S415.3,, S54.6
or,VP/X/NP/CC/N,0,0,0,0,1,0,0, S524.4,, S524.4
or,S/NP/NP/CC/N,0,0,0,0,1,0,0, S531.10,, S531.10
or,NP/ADJP/NP/CC/N,0,0,1,0,0,0,0, S614.6,,
or,ROOT/S/NP/CC/N,2,0,0,0,0,0,0, S247.10 S485.5,,
or,SBAR/S/VP/CC/Y,2,0,0,0,0,0,0, S573.7 S864.7,,
or,PP/NP/ADVP/CC/N,1,0,0,0,0,0,0, S163.3,,
or,VP/ADJP/PP/CC/N,1,0,0,0,0,0,0, S605.4,,
or,VP/NP/QP/CC/N,0,1,0,0,0,0,0, S444.7,,
or,NP/VP/PP/CC/N,1,0,0,0,0,0,0, S304.9,,
or,VP/VP/ADJP/CC/N,1,0,0,0,0,0,0, S61.6,,
or,S/VP/PP/CC/N,1,0,0,0,1,0,0, S589.11 S462.4,, S462.4
or,VP/VP/PP/CC/N,1,0,0,0,0,0,0, S7.5,,
or,PP/NP/NP/CC/N,1,0,0,0,1,0,0, S193.7 S256.8,, S256.8
or,S/VP/VP/CC/N,0,0,0,0,1,0,0, S715.3,, S715.3
or,NP/NP/ADJP/CC/N,2,0,0,0,0,0,0, S532.5 S303.1,,
or,VP/PP/NP/CC/N,4,0,0,0,6,0,0, S524.4 S531.6 S559.6 S621.11 S130.12,, S524.4 S531.6 S559.6 S621.11 S73.6 S899.10
or,VP/NP/ADJP/CC/N,1,0,0,0,0,0,0, S75.6,,
or,NP/VP/NP/CC/N,1,0,0,0,2,0,0, S586.11 S590.9 S96.5,, S586.11 S590.9
or,S/VP/NP/CC/N,3,0,0,0,3,0,0, S110.6 S704.3 S731.15 S250.4 S207.6,, S704.3 S731.15 S250.4
or,VP/VP/VP/CC/Y,1,0,0,0,0,0,0, S129.3,,
or,VP/NP/NP/CC/N,0,0,0,0,1,0,0, S926.5,, S926.5
or,S/VP/UCP/CC/N,0,0,0,0,1,0,0, S314.9,, S314.9
or,PP/PP/NP/CC/N,1,0,0,0,1,0,0, S2.3 S2.6,, S2.6
or,NP/NP/ADVP/CC/N,0,0,0,0,1,0,0, S702.4,, S702.4
or,S/VP/SBAR/CC/N,1,0,0,0,0,0,0, S339.9,,
or,NP/PRN/NP/CC/N,1,0,0,0,0,0,0, S656.7,,
or,ADJP/PP/NP/CC/N,1,0,0,1,1,0,0, S154.4 S405.8 S464.8,, S405.8
or,SBAR/S/VP/CC/N,1,0,0,0,0,0,0, S759.12,,
presumably,S/VP/ADVP/RB/N,0,0,0,0,2,0,0, S76.4 S314.4,, S76.4 S314.4
presumably,VP/S/ADVP/RB/N,0,0,0,0,1,0,0, S578.4,, S578.4
presumably,VP/VP/PP/RB/N,1,0,0,0,1,0,0, S445.4 S997.3,, S445.4
presumably,PP/NP/ADVP/RB/N,0,0,0,0,1,0,0, S582.8,, S582.8
presumably,VP/S/ADVP/RB/Y,0,0,0,0,1,0,0, S208.11,, S208.11
presumably,VP/NP/ADVP/RB/N,0,0,0,0,1,0,0, S590.9,, S590.9
unclear,S/VP/ADJP/JJ/N,0,0,5,0,3,0,0, S632.4 S163.3 S684.5 S743.5 S744.2,, S163.3 S759.12 S909.6
unclear,VP/VP/ADJP/JJ/Y,0,0,0,1,0,0,0, S728.3,,
can_not_be_excluded,SBAR/S/VP/MD/Y,0,1,0,0,0,0,0, S416.10,,
appeared,S/S/VP/VBD/N,1,1,0,0,0,0,0, S591.8 S415.15,,
appeared,S/VP/VP/VBD/Y,0,0,0,0,1,0,0, S70.4,, S70.4
appeared,ROOT/S/VP/VBD/Y,0,1,0,0,1,0,0, S325.10 S244.10,, S325.10
appeared,S/VP/VP/VBD/N,1,0,0,0,0,0,0, S235.7,,
appeared,SBAR/S/VP/VBD/N,0,2,2,0,0,0,0, S163.5 S698.4 S217.5 S480.10,,
appeared,ROOT/S/VP/VBD/N,0,6,0,0,4,0,0, S163.9 S684.8 S714.6 S786.11 S793.11,, S163.9 S714.6 S786.11 S904.7
implicates,ROOT/S/VP/VBZ/N,1,0,0,0,0,0,0, S136.9,,
proposing,VP/NP/VP/VBG/N,1,0,0,0,0,0,0, S1006.11,,
indicated_that,ROOT/S/VP/VBD/Y,3,0,0,0,0,0,0, S151.4 S798.9 S460.11,,
indicated_that,S/VP/VP/VBD/N,1,0,0,0,0,0,0, S419.4,,
indicated_that,S/S/VP/VBD/N,2,0,0,0,3,0,0, S567.4 S644.8 S719.8 S297.14 S952.6,, S567.4 S644.8 S297.14
indicated_that,ROOT/S/VP/VBD/N,30,0,0,0,1,0,0, S519.9 S151.5 S140.4 S86.7 S4.8,, S86.7
no_evidence,SBAR/S/NP/DT/Y,0,1,0,0,0,0,0, S774.13,,
raises_the_possibility,ROOT/S/VP/VBZ/N,2,0,0,0,0,0,0, S924.5 S964.8,,
raises_the_possibility,SBAR/S/VP/VBZ/N,1,0,0,0,0,0,0, S455.5,,
addressed_the_question_of,ROOT/S/VP/VBD/N,1,0,0,0,0,0,0, S448.3,,
would,ROOT/S/VP/MD/Y,1,2,0,0,0,0,0, S538.2 S202.7 S415.12,,
would,ROOT/S/VP/MD/N,1,0,0,0,0,0,0, S202.10,,
would,SBAR/S/VP/MD/N,2,0,0,0,0,0,0, S712.5 S500.12,,
hypothetically,NP/VP/ADVP/RB/N,0,0,0,0,1,0,0, S427.12,, S427.12
assumed,NP/ADJP/ADJP/VBN/N,0,0,1,0,0,0,0, S193.8,,
assumed,S/VP/VP/VBN/Y,0,0,1,0,0,0,0, S434.3,,
support,ROOT/S/VP/VBP/N,1,0,0,0,1,0,0, S517.10 S53.6,, S517.10
increasing_evidence,S/VP/VP/VBG/N,1,0,0,0,0,0,0, S511.3,,
indicate,SBAR/S/VP/VBP/N,1,0,0,0,0,0,0, S131.4,,
indicate,ROOT/S/VP/VBP/N,1,0,0,0,0,0,0, S762.7,,
indicate,S/VP/VP/VBP/N,1,0,0,0,0,0,0, S1007.11,,
indicate,S/VP/VP/VB/N,1,0,0,0,0,0,0, S139.12,,
assumption,VP/VP/NP/NN/N,0,0,0,0,1,0,0, S299.14,, S299.14
and\/or_might,S/NP/NP/CC/N,0,0,1,0,0,0,0, S276.9,,
expected,VP/VP/VP/VBN/Y,0,1,0,0,0,0,0, S215.4,,
proposal,PP/NP/NP/NN/N,0,0,0,0,1,0,0, S387.10,, S387.10
indicates_that,S/VP/VP/VBZ/N,2,0,0,0,0,0,0, S671.7 S435.6,,
indicates_that,ROOT/S/VP/VBZ/Y,1,0,0,0,0,0,0, S600.8,,
indicates_that,ROOT/S/VP/VBZ/N,12,0,0,0,1,0,0, S525.2 S152.5 S158.10 S146.3 S58.9,, S152.5
not_elucidated,SBAR/S/VP/RB/Y,0,1,0,0,0,0,0, S921.9,,
not_elucidated,ROOT/S/VP/RB/Y,0,1,0,0,0,0,0, S753.2,,
no_evidence_of,VP/NP/NP/DT/N,0,1,0,0,0,0,0, S752.12,,
suggestions,PP/NP/NP/NNS/N,0,1,0,0,0,0,0, S140.7,,
not_known,S/S/VP/RB/Y,0,1,0,0,1,0,0, S562.3 S752.4,, S752.4
not_known,ROOT/S/VP/RB/Y,0,2,0,0,0,0,0, S758.6 S924.7,,
not_known,NP/NP/VP/RB/Y,0,0,0,0,1,0,0, S868.3,, S868.3
apparent,S/NP/NP/JJ/N,2,0,0,0,1,0,0, S80.11 S406.5 S448.11,, S448.11
apparent,PP/NP/NP/JJ/N,1,0,0,0,0,0,0, S92.4,,
apparent,NP/NP/NP/JJ/N,1,0,0,0,0,0,0, S967.7,,
suspected,VP/VP/VP/VBN/Y,0,0,0,1,0,0,0, S457.3,,
suspected,S/VP/VP/VBN/Y,0,0,1,0,0,0,0, S105.4,,
believe,ROOT/S/VP/VBP/N,1,0,0,0,0,0,0, S763.13,,
can_be_deduced,ROOT/S/VP/MD/Y,0,1,0,0,0,0,0, S38.4,,
examined_for,VP/VP/VP/VBN/Y,1,0,0,0,0,0,0, S142.3,,
might_or,S/VP/VP/MD/N,0,1,0,0,0,0,0, S35.9,,
indicates,ROOT/S/VP/VBZ/N,2,0,0,0,0,0,0, S143.6 S263.6,,
whether,S/VP/SBAR/IN/Y,2,0,0,0,1,0,0, S526.4 S971.3 S1008.4,, S1008.4
whether,VP/VP/SBAR/IN/Y,9,0,0,0,0,0,0, S522.3 S17.3 S66.6 S737.3 S752.4,,
whether,VP/PP/SBAR/IN/Y,1,0,0,0,0,0,0, S4.5,,
whether,S/NP/SBAR/IN/N,1,0,0,0,0,0,0, S447.6,,
whether,ADVP/PP/SBAR/IN/N,2,0,0,0,0,0,0, S194.6 S930.4,,
whether,VP/VP/PP/IN/N,1,0,0,0,0,0,0, S888.5,,
whether,S/VP/SBAR/IN/N,19,0,0,0,0,0,0, S547.7 S635.8 S180.4 S163.3 S759.12,,
whether,NP/PP/SBAR/IN/N,1,0,0,0,0,0,0, S448.3,,
whether,VP/VP/SBAR/IN/N,30,0,0,0,1,0,0, S509.3 S514.3 S532.5 S593.5 S616.3,, S299.8
whether,VP/VP/NP/IN/N,1,0,0,0,0,0,0, S955.3,,
whether,PP/SBAR/SBAR/IN/N,1,0,0,0,0,0,0, S428.3,,
imply,ROOT/S/VP/VBP/N,6,0,0,0,0,0,0, S96.10 S76.8 S23.14 S705.13 S747.12,,
imply,ROOT/S/VP/VBP/Y,1,0,0,0,0,0,0, S88.6,,
imply,S/VP/VP/VBP/N,2,0,0,0,0,0,0, S38.11 S361.8,,
imply,S/VP/VP/VB/N,1,0,0,0,0,0,0, S620.9,,
considered,VP/VP/VP/VBN/Y,0,1,0,0,0,0,0, S259.2,,
considered,S/VP/VP/VBN/Y,0,0,1,1,0,0,0, S686.2 S478.2,,
suggestive,S/VP/ADVP/JJ/N,1,0,0,0,0,0,0, S702.7,,
suggestive,VP/VP/ADVP/JJ/N,1,0,0,0,0,0,0, S127.3,,
suppose,SBAR/S/VP/VBP/N,1,0,0,0,0,0,0, S626.3,,
can,S/VP/VP/MD/N,5,0,0,0,0,0,0, S560.12 S283.11 S283.11 S271.13 S346.2,,
can,S/S/VP/MD/N,3,0,0,0,0,0,0, S632.12 S702.5 S212.10,,
can,SBAR/S/VP/MD/Y,1,4,0,0,1,0,0, S146.3 S219.3 S285.10 S247.14 S284.9,, S146.3
can,ROOT/S/VP/MD/Y,0,2,0,0,2,0,0, S79.12 S295.4 S202.12 S406.5,, S79.12 S406.5
can,S/S/VP/MD/Y,0,3,0,0,0,0,0, S198.5 S347.9 S347.9,,
can,ROOT/S/VP/MD/N,10,0,0,0,0,0,0, S152.4 S79.2 S653.7 S710.3 S725.4,,
can,SBAR/S/VP/MD/N,12,0,0,0,0,0,0, S547.11 S140.7 S133.4 S133.6 S80.10,,
believed,S/VP/VP/VBN/Y,0,0,5,2,1,0,0, S630.3 S154.6 S696.2 S705.2 S842.2,, S493.7
no_proof,S/VP/NP/DT/Y,0,0,0,0,1,0,0, S902.4,, S902.4
indicated,ROOT/S/VP/VBD/N,1,0,0,0,0,0,0, S215.8,,
Perhaps,ROOT/S/ADVP/RB/Y,0,0,0,0,1,0,0, S152.16,, S152.16
Perhaps,ROOT/S/ADVP/RB/N,0,0,1,0,0,0,0, S247.10,,
Whether_unknown,ROOT/S/SBAR/IN/N,0,1,0,0,0,0,0, S794.4,,
either_or,VP/PP/PP/CC/N,0,0,0,0,1,0,0, S594.7,, S594.7
either_or,VP/NP/NP/CC/N,0,0,0,0,1,0,0, S68.9,, S68.9
either_or,S/VP/UCP/CC/N,1,0,0,0,0,0,0, S654.9,,
either_or,VP/NP/PP/CC/N,1,0,0,0,0,0,0, S387.7,,
either_or,NP/VP/NP/CC/N,2,0,0,0,0,0,0, S241.3 S434.6,,
either_or,VP/PP/NP/CC/N,2,0,0,0,1,0,0, S540.6 S810.4 S949.13,, S949.13
either_or,S/VP/SBAR/CC/N,1,0,0,0,0,0,0, S613.7,,
either_or,VP/NP/ADJP/CC/N,1,0,0,0,0,0,0, S757.6,,
either_or,NP/PP/NP/CC/N,5,0,0,0,0,0,0, S559.5 S114.6 S263.6 S213.5 S906.5,,
either_or,ADJP/PP/NP/CC/N,1,0,0,0,0,0,0, S974.5,,
either_or,SBAR/S/NP/CC/N,0,0,0,0,2,0,0, S741.9 S880.4,, S741.9 S880.4
either_or,S/VP/NP/CC/N,1,0,0,0,1,0,0, S193.7 S460.6,, S460.6
either_or,ROOT/S/VP/CC/Y,0,0,0,0,1,0,0, S18.6,, S18.6
either_or,VP/VP/ADJP/CC/N,1,0,0,0,0,0,0, S79.2,,
either_or,S/VP/PP/CC/N,1,0,0,0,0,0,0, S77.11,,
Hypothetically,ROOT/S/ADVP/RB/N,0,0,1,0,0,0,0, S147.8,,
refer_to,ROOT/S/VP/VBP/N,1,0,0,0,0,0,0, S338.11,,
Potential,S/NP/NP/JJ/N,1,0,0,0,0,0,0, S72.11,,
unlikely,S/VP/NP/JJ/N,1,0,0,0,0,0,0, S967.4,,
unlikely,S/VP/ADJP/JJ/N,1,0,0,0,0,0,0, S772.7,,
seem,S/VP/VP/VBP/Y,1,0,0,0,0,0,0, S329.11,,
seem,PRN/VP/VP/VB/N,0,0,0,0,1,0,0, S583.6,, S583.6
seem,ROOT/S/VP/VBP/Y,0,1,0,0,0,0,0, S329.3,,
seem,S/VP/VP/VB/N,0,0,2,0,0,0,0, S795.10 S984.9,,
apparently,S/VP/ADVP/RB/N,0,0,1,0,0,0,0, S659.8,,
apparently,NP/NP/ADJP/RB/N,1,0,0,0,0,0,0, S538.10,,
apparently,S/VP/ADVP/RB/Y,0,0,0,0,1,0,0, S312.5,, S312.5
apparently,VP/VP/ADVP/RB/N,0,0,0,0,1,0,0, S659.10,, S659.10
apparently,VP/PP/ADVP/RB/Y,0,1,0,0,0,0,0, S185.5,,
if,S/VP/SBAR/IN/N,4,0,0,0,0,0,0, S547.5 S605.4 S249.5 S348.2,,
if,VP/VP/SBAR/IN/N,5,0,0,0,0,0,0, S504.4 S644.5 S705.8 S750.4 S821.6,,
if,VP/SBAR/SBAR/IN/N,0,0,0,0,1,0,0, S335.3,, S335.3
if,VP/VP/SBAR/IN/Y,3,0,0,0,0,0,0, S171.5 S335.13 S247.15,,
perhaps,S/VP/ADVP/RB/N,0,0,1,0,0,0,0, S155.3,,
perhaps,NP/ADJP/ADJP/RB/N,1,0,0,0,0,0,0, S196.5,,
perhaps,VP/PP/ADVP/RB/N,0,1,0,0,1,0,0, S659.10 S930.8,, S930.8
perhaps,PP/NP/NP/RB/N,1,0,0,0,0,0,0, S226.13,,
perhaps,NP/VP/ADVP/RB/N,0,1,0,0,0,0,0, S8.10,,
perhaps,VP/VP/ADVP/RB/N,0,0,0,0,1,0,0, S735.10,, S735.10
suggest,ROOT/S/VP/VBP/Y,14,0,0,0,0,0,0, S574.9 S584.8 S588.11 S175.5 S61.9,,
suggest,VP/VP/VP/VB/N,1,0,0,0,0,0,0, S491.8,,
suggest,NP/S/VP/VBP/N,3,0,0,0,0,0,0, S514.9 S559.13 S714.9,,
suggest,S/VP/VP/VBP/N,22,4,0,0,3,0,0, S531.10 S576.6 S583.9 S585.10 S609.8,, S583.9 S191.5 S168.11
suggest,S/S/VP/VBP/N,2,0,0,0,6,0,0, S516.10 S54.5 S782.5 S336.7 S842.12,, S516.10 S336.7 S842.12 S844.10 S345.13 S936.9
suggest,ROOT/S/VP/VBP/N,189,0,0,0,9,0,0, S511.12 S513.10 S515.9 S523.6 S527.13,, S73.11 S38.11 S741.9 S205.12 S767.9 S802.14 S319.7 S395.7 S1007.11
suggest,FRAG/S/VP/VBP/N,3,0,0,0,0,0,0, S600.12 S486.11 S1010.9,,
suggest,S/VP/VP/VB/N,1,0,0,0,1,0,0, S149.12 S888.9,, S149.12
Possible,ROOT/NP/NP/JJ/N,0,1,0,0,0,0,0, S985.1,,
Possible,S/NP/NP/JJ/N,0,1,0,0,1,0,0, S109.8 S145.7,, S145.7
implicating,VP/S/VP/VBG/N,1,0,0,0,0,0,0, S281.9,,
potential,S/VP/NP/JJ/N,3,0,0,0,0,0,0, S620.6 S778.12 S792.7,,
potential,NP/PP/NP/JJ/N,0,0,0,0,1,0,0, S928.5,, S928.5
potential,S/NP/NP/JJ/N,2,0,0,0,0,0,0, S193.7 S72.10,,
potential,VP/PP/NP/JJ/N,3,0,0,0,0,0,0, S643.3 S838.5 S890.3,,
potential,NP/NP/NP/JJ/N,2,0,0,0,0,0,0, S799.1 S909.1,,
potential,PP/NP/NP/JJ/N,2,0,0,0,1,0,0, S812.1 S812.7 S962.8,, S812.1
potential,VP/NP/NP/JJ/N,11,2,0,0,4,0,0, S547.11 S559.14 S583.3 S114.3 S707.4,, S583.3 S114.3 S795.4 S932.7
potential,VP/NP/NP/NN/N,0,0,0,0,1,0,0, S585.11,, S585.11
potentially,S/VP/ADVP/RB/N,0,0,0,0,1,0,0, S350.3,, S350.3
potentially,VP/ADJP/ADJP/RB/N,1,0,0,0,0,0,0, S488.3,,
potentially,VP/S/ADVP/RB/N,0,0,0,0,1,0,0, S292.14,, S292.14
potentially,NP/NP/ADJP/RB/N,2,0,0,0,0,0,0, S512.10 S606.11,,
potentially,NP/ADJP/ADJP/RB/N,1,0,0,0,0,0,0, S414.7,,
potentially,S/VP/ADJP/RB/N,1,0,0,0,0,0,0, S107.6,,
potentially,NP/VP/ADVP/RB/N,0,0,0,0,1,0,0, S875.10,, S875.10
potentially,PP/NP/ADJP/RB/N,0,1,0,0,0,0,0, S252.5,,
potentially,VP/VP/ADVP/RB/N,0,1,0,0,0,0,0, S846.9,,
potentially,S/NP/ADVP/RB/N,0,0,0,0,1,0,0, S933.8,, S933.8
potentially,VP/VP/ADJP/RB/N,1,0,0,0,0,0,0, S403.8,,
potentially,SBAR/S/ADVP/RB/N,0,0,0,0,1,0,0, S14.1,, S14.1
raising_the_possibility,VP/S/VP/VBG/N,0,0,0,0,1,0,0, S668.4,, S668.4
raise_the_hypothesis,S/NP/VP/VBP/N,0,0,0,0,1,0,0, S937.9,, S937.9
not_evident,S/S/VP/RB/N,0,0,0,0,1,0,0, S985.2,, S985.2
infer,ROOT/S/VP/VBP/N,1,0,0,0,0,0,0, S20.7,,
conclusion,S/VP/NP/NN/N,0,0,0,0,1,0,0, S416.10,, S416.10
raise_the_possibility,S/VP/VP/VBP/N,0,1,0,0,0,0,0, S904.12,,
may,S/VP/VP/MD/N,34,2,0,0,1,0,0, S524.12 S526.9 S526.9 S543.9 S548.8,, S524.12
may,S/S/VP/MD/N,10,0,0,0,1,0,0, S536.10 S579.7 S598.12 S605.8 S680.10,, S741.11
may,SBAR/S/VP/MD/Y,21,22,1,0,3,0,0, S511.7 S552.2 S572.9 S576.5 S587.8,, S43.8 S71.4 S859.3
may,ROOT/S/VP/MD/Y,2,11,0,0,0,0,0, S154.4 S100.2 S49.9 S72.2 S668.8,,
may,SINV/S/VP/MD/Y,0,0,0,0,2,0,0, S724.10 S813.6,, S724.10 S813.6
may,S/S/VP/MD/Y,0,2,0,0,0,0,0, S588.4 S1007.8,,
may,NONE/ROOT/SINV/MD/N,0,0,0,0,1,0,0, S605.11,, S605.11
may,S/VP/VP/MD/Y,1,0,0,0,3,0,0, S128.10 S688.10 S847.8 S488.4,, S128.10 S688.10 S488.4
may,ROOT/S/VP/MD/N,130,0,0,0,7,0,0, S504.10 S510.8 S523.7 S525.8 S537.7,, S185.8 S716.5 S341.9 S439.7 S449.9 S491.8 S962.8
may,SBAR/S/VP/MD/N,147,0,0,0,13,0,0, S513.10 S514.9 S516.10 S523.8 S535.9,, S583.9 S635.12 S649.3 S119.11 S49.8 S718.10 S735.10 S802.14 S825.9 S846.9 S904.12
raised_the_possibility,ROOT/S/VP/VBD/N,1,0,0,0,0,0,0, S562.7,,
indicating_that,VP/S/VP/VBG/N,34,0,0,0,2,0,0, S550.5 S567.4 S601.5 S65.10 S39.8,, S280.6 S427.11
indicating_that,PP/S/VP/VBG/Y,1,0,0,0,0,0,0, S446.9,,
indicating_that,VP/S/VP/VBG/Y,6,0,0,0,0,0,0, S567.5 S120.10 S63.6 S211.6 S367.6,,
indicating_that,VP/NP/VP/VBG/N,1,0,0,0,0,0,0, S473.4,,
probable,ROOT/S/NP/JJ/N,1,0,0,0,0,0,0, S453.8,,
implies,ROOT/S/VP/VBZ/N,4,0,0,0,0,0,0, S590.9 S105.11 S779.15 S410.9,,
and\/or,SBAR/S/VP/CC/Y,0,0,0,0,1,0,0, S315.11,, S315.11
and\/or,SBAR/S/VP/CC/N,1,0,0,0,1,0,0, S297.3 S358.8,, S297.3
and\/or,ROOT/S/VP/CC/N,0,0,0,0,3,0,0, S119.11 S191.5 S468.10,, S119.11 S191.5 S468.10
and\/or,NP/NP/VP/CC/N,0,0,0,0,1,0,0, S129.8,, S129.8
compelling_evidence,S/VP/NP/JJ/N,0,0,0,0,1,0,0, S530.11,, S530.11
think,PRN/S/VP/VBP/N,0,0,0,1,0,0,0, S336.8,,
thought,VP/VP/VP/VBN/Y,2,6,0,1,0,0,0, S680.3 S686.6 S249.3 S819.9 S276.2,,
thought,S/VP/VP/VBN/Y,0,1,9,1,4,0,0, S516.3 S560.2 S647.2 S170.4 S81.5,, S560.2 S677.3 S289.3 S493.6
thought,S/NP/VP/VBN/N,0,0,0,0,1,0,0, S45.7,, S45.7
thought,NP/NP/VP/VBN/N,0,1,0,0,0,0,0, S157.7,,
thought,NP/NP/VP/VBN/Y,0,0,0,0,1,0,0, S734.4,, S734.4
implied,ROOT/S/VP/VBD/N,1,0,0,0,0,0,0, S672.7,,
notion,S/VP/NP/NN/N,0,0,0,0,2,0,0, S798.9 S423.9,, S798.9 S423.9
hope,ROOT/S/VP/VBP/N,1,0,0,0,0,0,0, S202.17,,
